"consulta","clasificación"
"¿Cuáles son las reglas generales del juego?","REGLAS GENERALES"
"¿Qué debo hacer si hay un empate?","REGLAS GENERALES"
"¿Cuáles son las reglas específicas de Navaratna?","REGLAS NAVARATNA"
"¿Cómo funciona el modo automático del juego?","REGLAS AUTOMATA"
"¿Cuál es el objetivo principal del juego?","OBJETIVO DEL JUEGO"
"¿Cómo puedo mejorar mis habilidades contra otros jugadores?","ESTRATEGIA COMPETITIVA"
"¿Qué estrategias recomiendas para principiantes?","ESTRATEGIA PRINCIPIANTES"
"¿Cómo juego mejor con el personaje Portuguese?","ESTRATEGIA PERSONAJE PORTUGUESE"
"¿Qué opinas sobre las nuevas actualizaciones del juego?","OPINIONES"
"¿Cuáles son las estadísticas más importantes del juego?","ESTADÍSTICA GENERAL DEL JUEGO"
"¿Qué hago si me quedo sin movimientos?","REGLAS GENERALES"
"¿Cuáles son las reglas exclusivas de Navaratna en torneos?","REGLAS NAVARATNA"
"¿Qué es lo más importante para ganar en el modo automático?","REGLAS AUTOMATA"
"¿Cómo gano puntos rápidamente?","OBJETIVO DEL JUEGO"
"¿Qué estrategias puedo usar contra jugadores experimentados?","ESTRATEGIA COMPETITIVA"
"¿Cuáles son los errores más comunes de los principiantes?","ESTRATEGIA PRINCIPIANTES"
"¿Cómo aprovecho al máximo las habilidades de Portuguese?","ESTRATEGIA PERSONAJE PORTUGUESE"
"¿Qué piensas sobre los cambios recientes en la jugabilidad?","OPINIONES"
"¿Qué porcentaje de victorias tienen los mejores jugadores?","ESTADÍSTICA GENERAL DEL JUEGO"
"¿Cómo se manejan las situaciones de desempate en Navaratna?","REGLAS NAVARATNA"
"¿El modo automático toma en cuenta las estadísticas del jugador?","REGLAS AUTOMATA"
"¿Qué debo priorizar para alcanzar el objetivo principal?","OBJETIVO DEL JUEGO"
"¿Qué técnicas me recomiendas para vencer a mis amigos?","ESTRATEGIA COMPETITIVA"
"¿Qué pasos debo seguir para aprender desde cero?","ESTRATEGIA PRINCIPIANTES"
"¿Cuál es el mejor equipo para Portuguese en partidas largas?","ESTRATEGIA PERSONAJE PORTUGUESE"
"¿Qué opinan otros jugadores sobre el diseño del juego?","OPINIONES"
"¿Dónde puedo ver las estadísticas del juego en tiempo real?","ESTADÍSTICA GENERAL DEL JUEGO"
"¿Qué pasa si un jugador rompe las reglas generales?","REGLAS GENERALES"
"¿Es obligatorio seguir todas las reglas en partidas casuales?","REGLAS GENERALES"
"¿Cómo se cuentan los puntos en Navaratna?","REGLAS NAVARATNA"
"¿Existen combinaciones prohibidas en Navaratna?","REGLAS NAVARATNA"
"¿El modo automático puede manejar partidas largas?","REGLAS AUTOMATA"
"¿Qué ventajas tiene usar el modo automático?","REGLAS AUTOMATA"
"¿Cuántos puntos necesito para ganar una partida estándar?","OBJETIVO DEL JUEGO"
"¿Es posible cambiar el objetivo del juego en partidas personalizadas?","OBJETIVO DEL JUEGO"
"¿Cómo puedo anticipar las jugadas de mi oponente?","ESTRATEGIA COMPETITIVA"
"¿Qué estrategias son útiles en torneos oficiales?","ESTRATEGIA COMPETITIVA"
"¿Cómo puedo aprender las bases del juego más rápido?","ESTRATEGIA PRINCIPIANTES"
"¿Qué trucos básicos me recomiendas para mejorar?","ESTRATEGIA PRINCIPIANTES"
"¿Qué habilidades de Portuguese debo priorizar al jugar?","ESTRATEGIA PERSONAJE PORTUGUESE"
"¿Portuguese es un personaje ofensivo o defensivo?","ESTRATEGIA PERSONAJE PORTUGUESE"
"¿Qué opinan los jugadores veteranos sobre el balance del juego?","OPINIONES"
"¿Crees que las reglas actuales benefician a los jugadores nuevos?","OPINIONES"
"¿Dónde puedo consultar las estadísticas globales del juego?","ESTADÍSTICA GENERAL DEL JUEGO"
"¿Cuántos jugadores activos hay en la comunidad actualmente?","ESTADÍSTICA GENERAL DEL JUEGO"
"¿Qué debo hacer si otro jugador intenta modificar las reglas durante la partida?","REGLAS GENERALES"
"¿Navaratna tiene diferentes niveles de dificultad según las reglas?","REGLAS NAVARATNA"
"¿El modo automático realiza jugadas óptimas en todas las situaciones?","REGLAS AUTOMATA"
"¿Cuál es la estrategia más rápida para alcanzar el objetivo del juego?","OBJETIVO DEL JUEGO"
"¿Cómo puedo ajustar mi estrategia según el tipo de oponente?","ESTRATEGIA COMPETITIVA"
"¿Qué errores debo evitar al empezar a jugar?","ESTRATEGIA PRINCIPIANTES"
"¿Cómo aprovecho las habilidades pasivas de Portuguese?","ESTRATEGIA PERSONAJE PORTUGUESE"
"¿Qué opinan otros jugadores sobre la última actualización del modo Navaratna?","OPINIONES"
"¿Cuáles son los récords actuales en puntuación máxima?","ESTADÍSTICA GENERAL DEL JUEGO"
"¿Qué hacer si mi oponente utiliza tácticas que no entiendo?","ESTRATEGIA COMPETITIVA"
"¿Cuáles son las mecánicas más importantes de Portuguese?","ESTRATEGIA PERSONAJE PORTUGUESE"
"¿Crees que el modo automático es justo para principiantes?","OPINIONES"
"¿Cuál es el promedio de puntuaciones del juego?","ESTADÍSTICA GENERAL DEL JUEGO"
"¿Cuántas personas han calificado el juego?","ESTADÍSTICA GENERAL DEL JUEGO"
"¿Qué significa el peso en las estadísticas del juego?","ESTADÍSTICA GENERAL DEL JUEGO"
"¿Dónde puedo leer los comentarios de otros jugadores?","ESTADÍSTICA GENERAL DEL JUEGO"
"¿Cuántos fans tiene el juego actualmente?","ESTADÍSTICA GENERAL DEL JUEGO"
"¿En qué puesto está el juego en el ranking general?","ESTADÍSTICA GENERAL DEL JUEGO"
"¿Cuál es el rango de estrategia del juego?","ESTADÍSTICA GENERAL DEL JUEGO"
"¿Cuántas veces se ha jugado este juego en total?","ESTADÍSTICA GENERAL DEL JUEGO"
"¿Cuántos jugadores activos hubo este mes?","ESTADÍSTICA GENERAL DEL JUEGO"
"¿Cuántas personas poseen el juego actualmente?","ESTADÍSTICA GENERAL DEL JUEGO"
"¿Cuántos jugadores solían tener el juego pero ya no lo tienen?","ESTADÍSTICA GENERAL DEL JUEGO"
"¿Cuántas personas tienen el juego disponible para intercambiar?","ESTADÍSTICA GENERAL DEL JUEGO"
"¿Cuántos jugadores desean obtener el juego mediante intercambio?","ESTADÍSTICA GENERAL DEL JUEGO"
"¿Cuántos jugadores tienen el juego en su lista de deseos?","ESTADÍSTICA GENERAL DEL JUEGO"
"¿Es posible ver cuántos jugadores tienen partes del juego?","ESTADÍSTICA GENERAL DEL JUEGO"
"¿Cuántos jugadores están buscando partes del juego?","ESTADÍSTICA GENERAL DEL JUEGO"
"¿Qué relevancia tiene el rango general del juego?","ESTADÍSTICA GENERAL DEL JUEGO"
"¿Qué juegos similares están por encima o debajo en el ranking?","ESTADÍSTICA GENERAL DEL JUEGO"
"¿Cómo afecta el promedio de calificaciones a la popularidad del juego?","ESTADÍSTICA GENERAL DEL JUEGO"
"¿Es posible comparar el rango de estrategia de este juego con otros?","ESTADÍSTICA GENERAL DEL JUEGO"
"¿Qué porcentaje de los jugadores activos lo juega regularmente?","ESTADÍSTICA GENERAL DEL JUEGO"
"¿Cuántas personas que tienen el juego también tienen expansiones?","ESTADÍSTICA GENERAL DEL JUEGO"
"¿Cuántos jugadores quieren comprar partes específicas del juego?","ESTADÍSTICA GENERAL DEL JUEGO"
"¿Qué juegos han superado a este en el ranking general recientemente?","ESTADÍSTICA GENERAL DEL JUEGO"
"¿Qué cambios en el peso del juego se registraron en las últimas semanas?","ESTADÍSTICA GENERAL DEL JUEGO"
"¿Qué tan activo está el mercado de intercambio de este juego?","ESTADÍSTICA GENERAL DEL JUEGO"
"¿Cuántos comentarios se han hecho sobre la última actualización?","ESTADÍSTICA GENERAL DEL JUEGO"
"¿Cuáles son las tendencias de posesión del juego en los últimos meses?","ESTADÍSTICA GENERAL DEL JUEGO"
"¿Cuántas personas lo tienen en sus listas de intercambio pero no lo juegan?","ESTADÍSTICA GENERAL DEL JUEGO"
"¿Cuál es el objetivo principal del juego y cómo afecta las estrategias?","OBJETIVO DEL JUEGO"
"¿Qué debo preparar durante el setup para partidas competitivas?","ESTRATEGIA COMPETITIVA"
"¿Cuáles son las reglas generales para usar el tablero de provincia?","REGLAS GENERALES"
"¿Qué estrategias puedo usar para maximizar las mejoras de edificios?","ESTRATEGIA COMPETITIVA"
"¿Cómo se utiliza la acción construir en partidas para principiantes?","ESTRATEGIA PRINCIPIANTES"
"¿Qué debo tener en cuenta al jugar con el módulo Ganga en modo automático?","REGLAS AUTOMATA"
"¿Cómo se aplican las reglas de Navaratnas al final de la partida?","REGLAS NAVARATNA"
"¿Qué impacto tiene el karma en las estrategias del personaje Portuguese?","ESTRATEGIA PERSONAJE PORTUGUESE"
"¿Qué opinan los jugadores sobre las bonificaciones en los tracks de puntuación?","OPINIONES"
"¿Dónde puedo consultar estadísticas sobre jugadores que utilizan el módulo Ganga?","ESTADÍSTICA GENERAL DEL JUEGO"
"¿Qué estrategias son más efectivas para obtener nuevos trabajadores?","ESTRATEGIA COMPETITIVA"
"¿Cuáles son las reglas generales para el uso de la acción del mercado?","REGLAS GENERALES"
"¿Cómo afecta la acción del río a las estrategias de los principiantes?","ESTRATEGIA PRINCIPIANTES"
"¿Qué estrategias avanzadas recomiendas para el final de la partida?","ESTRATEGIA COMPETITIVA"
"¿Cómo se implementan las reglas automáticas durante el fin de ronda?","REGLAS AUTOMATA"
"¿Qué debo priorizar en el tablero de provincia para optimizar mi puntuación?","ESTRATEGIA COMPETITIVA"
"¿Cuáles son las reglas específicas para el módulo Ganga en Navaratnas?","REGLAS NAVARATNA"
"¿Cómo puede el personaje Portuguese aprovechar las acciones de palacio?","ESTRATEGIA PERSONAJE PORTUGUESE"
"¿Qué opinan los jugadores experimentados sobre las acciones de puerto?","OPINIONES"
"¿Hay estadísticas sobre qué jugadores priorizan mejoras de edificios?","ESTADÍSTICA GENERAL DEL JUEGO"
"¿Qué estrategias son efectivas para maximizar los bonos en los tracks de puntuación?","ESTRATEGIA COMPETITIVA"
"¿Cómo influyen las reglas generales en el flujo del transcurso del juego?","REGLAS GENERALES"
"¿Qué técnicas son útiles para principiantes al usar karma?","ESTRATEGIA PRINCIPIANTES"
"¿Qué reglas automáticas se activan en la versión Mogul Lexigon?","REGLAS AUTOMATA"
"¿Cómo afecta el final de la partida las estrategias competitivas?","ESTRATEGIA COMPETITIVA"
"¿Cuáles son las reglas generales sobre las notas adicionales del juego?","REGLAS GENERALES"
"¿Qué estrategias recomiendas al usar la acción de mercado con Portuguese?","ESTRATEGIA PERSONAJE PORTUGUESE"
"¿Qué opinan los jugadores sobre los créditos y balance del juego?","OPINIONES"
"¿Cuántas veces se ha jugado la versión Mogul Lexigon?","ESTADÍSTICA GENERAL DEL JUEGO"
"¿Qué reglas de Navaratnas afectan el uso del tablero de provincia?","REGLAS NAVARATNA"
"¿Qué estrategias puedo usar en el setup para optimizar el final de partida?","ESTRATEGIA COMPETITIVA"
"Optimizar las estrategias para el objetivo del juego.","OBJETIVO DEL JUEGO"
"Errores comunes en el setup de partidas competitivas.","ESTRATEGIA COMPETITIVA"
"El tablero de provincia y su impacto en la puntuación.","REGLAS GENERALES"
"Uso eficiente de las mejoras de edificios para maximizar puntos.","ESTRATEGIA COMPETITIVA"
"Construir canteras en partidas de principiantes.","ESTRATEGIA PRINCIPIANTES"
"El módulo Ganga en el modo automático.","REGLAS AUTOMATA"
"Reglas exclusivas de Navaratnas para torneos oficiales.","REGLAS NAVARATNA"
"Portuguese y su sinergia con el karma en estrategias avanzadas.","ESTRATEGIA PERSONAJE PORTUGUESE"
"Opiniones divididas sobre las acciones de mercado en la comunidad.","OPINIONES"
"Estadísticas sobre los jugadores que dominan el módulo Ganga.","ESTADÍSTICA GENERAL DEL JUEGO"
"Estrategias avanzadas para obtener nuevos trabajadores rápidamente.","ESTRATEGIA COMPETITIVA"
"Acciones del mercado y su influencia en el desarrollo del juego.","REGLAS GENERALES"
"Impacto de las acciones de río en estrategias iniciales.","ESTRATEGIA PRINCIPIANTES"
"Técnicas avanzadas para un final de partida exitoso.","ESTRATEGIA COMPETITIVA"
"Automatización en rondas finales con reglas específicas.","REGLAS AUTOMATA"
"Priorizar áreas en el tablero de provincia para aumentar la puntuación.","ESTRATEGIA COMPETITIVA"
"Versiones avanzadas del módulo Ganga en partidas con Navaratnas.","REGLAS NAVARATNA"
"Habilidades clave del personaje Portuguese en escenarios competitivos.","ESTRATEGIA PERSONAJE PORTUGUESE"
"Comentarios recientes sobre las actualizaciones del sistema de puerto.","OPINIONES"
"Datos sobre el número de jugadores activos este mes.","ESTADÍSTICA GENERAL DEL JUEGO"
"Los bonos en los tracks de puntuación como ventaja estratégica.","ESTRATEGIA COMPETITIVA"
"Notas importantes sobre el flujo del transcurso del juego.","REGLAS GENERALES"
"Uso inicial del karma para jugadores novatos.","ESTRATEGIA PRINCIPIANTES"
"Configuraciones automáticas recomendadas para rondas finales.","REGLAS AUTOMATA"
"Estrategias competitivas basadas en el final de partida.","ESTRATEGIA COMPETITIVA"
"Detalles adicionales importantes en las notas del manual del juego.","REGLAS GENERALES"
"Portuguese y las ventajas en el uso del mercado.","ESTRATEGIA PERSONAJE PORTUGUESE"
"El impacto de los créditos en la percepción de los jugadores.","OPINIONES"
"Rankings generales de jugadores que usan el módulo Ganga.","ESTADÍSTICA GENERAL DEL JUEGO"
"Implementación de Navaratnas en el tablero de provincia.","REGLAS NAVARATNA"
"Setup inicial óptimo para maximizar el final de partida.","ESTRATEGIA COMPETITIVA"
"Los cambios recientes en las reglas han mejorado la jugabilidad.","OPINIONES"
"Muchos jugadores opinan que el modo automático hace que las partidas sean más fáciles.","OPINIONES"
"La actualización de Navaratnas ha sido bien recibida por la comunidad.","OPINIONES"
"El personaje Portuguese parece tener una ventaja estratégica, según las opiniones de los jugadores experimentados.","OPINIONES"
"Algunos jugadores piensan que el karma debería tener un impacto más grande en el resultado de la partida.","OPINIONES"
"Hay quien dice que las mecánicas del juego están bien equilibradas para principiantes.","OPINIONES"
"El módulo Ganga ha generado opiniones divididas entre los jugadores veteranos.","OPINIONES"
"Muchos consideran que las bonificaciones en los tracks de puntuación son demasiado poderosas.","OPINIONES"
"¿Qué opinan los jugadores sobre la dificultad del setup inicial?","OPINIONES"
"Algunos comentan que las reglas del tablero de provincia pueden ser confusas al principio.","OPINIONES"
"La comunidad cree que el sistema de karma necesita ajustes para que sea más estratégico.","OPINIONES"
"Muchos jugadores prefieren jugar con Navaratnas porque añade una capa extra de complejidad.","OPINIONES"
"Existen diferentes opiniones sobre si es más beneficioso centrarse en las acciones de mercado o en la acción de río.","OPINIONES"
"Las estrategias de final de partida generan diversas opiniones entre los jugadores más competitivos.","OPINIONES"
"Algunos jugadores piensan que la versión actual mejora el equilibrio entre personajes.","OPINIONES"
"Se debate si el juego debería incluir más expansiones para ofrecer nuevas mecánicas.","OPINIONES"
"Varios jugadores opinan que el balance entre los personajes es adecuado para distintos estilos de juego.","OPINIONES"
"Las opiniones sobre la jugabilidad del modo automático son mixtas; algunos lo encuentran útil, mientras que otros lo ven innecesario.","OPINIONES"
"Los cambios en los créditos dentro del juego no han sido muy bien recibidos por todos.","OPINIONES"
"Existen comentarios positivos acerca de la fluidez en el transcurso del juego en partidas más largas.","OPINIONES"
"Algunos jugadores sienten que la acción de construir es clave para ganar, mientras que otros no le dan tanta importancia.","OPINIONES"